{"text": " Hola, \u00bfc\u00f3mo est\u00e1s? \u00bfQu\u00e9 haces? \u00bfC\u00f3mo est\u00e1s?", "segments": [{"id": 0, "seek": 0, "start": 0.0, "end": 4.0, "text": " Hola, \u00bfc\u00f3mo est\u00e1s? \u00bfQu\u00e9 haces? \u00bfC\u00f3mo est\u00e1s?", "tokens": [50364, 22637, 11, 3841, 46614, 24389, 30, 3841, 15137, 324, 887, 30, 3841, 28342, 24389, 30, 50564], "temperature": 0.0, "avg_logprob": -0.4582561386956109, "compression_ratio": 1.1333333333333333, "no_speech_prob": 0.012446030974388123}], "language": "Spanish"}